Day,Date
7,2025-08-19
1,2025-08-20
2,2025-08-21
3,2025-08-22
4,2025-08-25
5,2025-08-26
6,2025-08-27
7,2025-08-28
1,2025-08-29
2,2025-09-02
3,2025-09-03
4,2025-09-04
5,2025-09-05
6,2025-09-08
7,2025-09-09
1,2025-09-10
2,2025-09-11
3,2025-09-12
4,2025-09-15
5,2025-09-16
6,2025-09-17
7,2025-09-18
1,2025-09-19
2,2025-09-22
3,2025-09-23
4,2025-09-24
5,2025-09-25
6,2025-09-26
7,2025-09-29
1,2025-09-30
2,2025-10-01
3,2025-10-03
4,2025-10-06
5,2025-10-07
6,2025-10-08
7,2025-10-09
1,2025-10-10
2,2025-10-14
3,2025-10-15
4,2025-10-16
5,2025-10-17
6,2025-10-20
7,2025-10-21
1,2025-10-22
2,2025-10-23
3,2025-10-24
4,2025-10-27
5,2025-10-28
6,2025-10-29
7,2025-10-30
1,2025-10-31
2,2025-11-03
3,2025-11-04
4,2025-11-05
5,2025-11-06
6,2025-11-07
7,2025-11-10
1,2025-11-11
2,2025-11-12
3,2025-11-13
4,2025-11-14
5,2025-11-17
6,2025-11-18
7,2025-11-19
1,2025-11-20
2,2025-11-21
3,2025-12-01
4,2025-12-02
5,2025-12-03
6,2025-12-04
7,2025-12-05
1,2025-12-08
2,2025-12-09
3,2025-12-10
4,2025-12-11
5,2025-12-12
6,2025-12-15
7,2025-12-16
1,2025-12-17
2,2025-12-18
1,2026-01-05
2,2026-01-06
3,2026-01-07
4,2026-01-08
5,2026-01-09
6,2026-01-12
7,2026-01-13
1,2026-01-14
2,2026-01-15
3,2026-01-16
4,2026-01-20
5,2026-01-21
6,2026-01-22
7,2026-01-23
1,2026-01-26
2,2026-01-27
3,2026-01-28
4,2026-01-29
5,2026-01-30
6,2026-02-02
7,2026-02-03
1,2026-02-04
2,2026-02-05
3,2026-02-06
4,2026-02-09
5,2026-02-10
6,2026-02-11
7,2026-02-12
1,2026-02-13
2,2026-02-17
3,2026-02-18
4,2026-02-19
5,2026-02-20
6,2026-02-24
7,2026-02-25
1,2026-02-26
2,2026-02-27
3,2026-03-02
4,2026-03-03
5,2026-03-04
6,2026-03-05
7,2026-03-06
1,2026-03-16
2,2026-03-17
3,2026-03-18
4,2026-03-19
5,2026-03-20
6,2026-03-23
7,2026-03-24
1,2026-03-25
2,2026-03-26
3,2026-03-27
4,2026-03-30
5,2026-03-31
6,2026-04-01
7,2026-04-02
1,2026-04-06
2,2026-04-07
3,2026-04-08
4,2026-04-09
5,2026-04-10
6,2026-04-13
7,2026-04-14
1,2026-04-15
2,2026-04-16
3,2026-04-17
4,2026-04-20
5,2026-04-21
6,2026-04-22
7,2026-04-23
1,2026-04-24
2,2026-04-28
3,2026-04-29
4,2026-04-30
6,2026-05-04
7,2026-05-05
1,2026-05-06
2,2026-05-07
3,2026-05-08
4,2026-05-11
5,2026-05-12
6,2026-05-13
7,2026-05-14
1,2026-05-15
2,2026-05-18
3,2026-05-19
4,2026-05-20
